{
  "congestion": {
    "model_comparison": {
      "XGBoost": {
        "MAE": 1.8747162621092541,
        "R2": 0.9729382436158769
      },
      "LightGBM": {
        "MAE": 1.9053792519403536,
        "R2": 0.9727939075047385
      },
      "CatBoost": {
        "MAE": 1.9743066623273706,
        "R2": 0.9714696758968138
      }
    },
    "selected_model": "XGBoost",
    "best_MAE": 1.8747162621092541,
    "best_R2": 0.9729382436158769
  },
  "recovery": {
    "model_comparison": {
      "XGBoost": {
        "MAE": 206.39343900535337,
        "R2": 0.2601888985615023
      },
      "LightGBM": {
        "MAE": 210.47598056593262,
        "R2": 0.25574228415302336
      },
      "CatBoost": {
        "MAE": 215.47711676900536,
        "R2": 0.23741798577967654
      }
    },
    "selected_model": "XGBoost",
    "best_MAE": 206.39343900535337,
    "best_R2": 0.2601888985615023
  },
  "resources": {
    "model_comparison": {
      "XGBoost": {
        "MAE": 0.15513110216236084,
        "R2": 0.9235131435116839
      },
      "LightGBM": {
        "MAE": 0.15937842744161657,
        "R2": 0.9254680561430831
      },
      "CatBoost": {
        "MAE": 0.1670896716101012,
        "R2": 0.9242406846852717
      }
    },
    "selected_model": "LightGBM",
    "best_MAE": 0.15937842744161657,
    "best_R2": 0.9254680561430831
  }
}